DATE,US,Germany,Japan,UK,France
1960-01-01,,4.36,,,
1960-02-01,,4.47,,,
1960-03-01,,4.71,,,
1960-04-01,,4.59,,,
1960-05-01,,4.64,,,
1960-06-01,,5.25,,,
1960-07-01,,5.58,,,
1960-08-01,,5.44,,,
1960-09-01,,5.61,,,
1960-10-01,,6.1,,,
1960-11-01,,5.38,,,
1960-12-01,,5.06,,,
1961-01-01,,4.66,,,
1961-02-01,,4.13,,,
1961-03-01,,3.73,,,
1961-04-01,,3.34,,,
1961-05-01,,3.23,,,
1961-06-01,,3.13,,,
1961-07-01,,3.16,,,
1961-08-01,,3.09,,,
1961-09-01,,3.06,,,
1961-10-01,,4.05,,,
1961-11-01,,3.71,,,
1961-12-01,,3.83,,,
1962-01-01,,2.93,,,
1962-02-01,,2.94,,,
1962-03-01,,3.02,,,
1962-04-01,,3.08,,,
1962-05-01,,3.08,,,
1962-06-01,,3.13,,,
1962-07-01,,3.29,,,
1962-08-01,,3.26,,,
1962-09-01,,3.2,,,
1962-10-01,,4.45,,,
1962-11-01,,4.33,,,
1962-12-01,,4.35,,,
1963-01-01,,3.29,,,
1963-02-01,,3.31,,,
1963-03-01,,3.53,,,
1963-04-01,,3.56,,,
1963-05-01,,3.6,,,
1963-06-01,,3.83,,,
1963-07-01,,3.98,,,
1963-08-01,,3.81,,,
1963-09-01,,3.75,,,
1963-10-01,,5.13,,,
1963-11-01,,5.0,,,
1963-12-01,,4.98,,,
1964-01-01,,3.33,,,
1964-02-01,,3.33,,,
1964-03-01,,3.46,,,
1964-04-01,,3.55,,,
1964-05-01,,3.69,,,
1964-06-01,3.86,3.75,,,
1964-07-01,3.87,3.69,,,
1964-08-01,3.85,3.91,,,
1964-09-01,3.87,4.08,,,
1964-10-01,3.94,5.42,,,
1964-11-01,3.99,5.5,,,
1964-12-01,4.14,5.36,,,
1965-01-01,4.13,3.88,,,
1965-02-01,4.19,3.95,,,
1965-03-01,4.27,4.28,,,
1965-04-01,4.28,4.52,,,
1965-05-01,4.32,4.69,,,
1965-06-01,4.31,4.8,,,
1965-07-01,4.29,5.08,,,
1965-08-01,4.3,5.27,,,
1965-09-01,4.34,5.36,,,
1965-10-01,4.46,6.66,,,
1965-11-01,4.49,6.58,,,
1965-12-01,4.75,6.55,,,
1966-01-01,4.95,5.23,,,
1966-02-01,5.05,5.36,,,
1966-03-01,5.19,5.69,,,
1966-04-01,5.26,6.21,,,
1966-05-01,5.38,6.35,,,
1966-06-01,5.5,6.81,,,
1966-07-01,5.62,6.89,,,
1966-08-01,5.72,7.0,,,
1966-09-01,5.86,6.8,,,
1966-10-01,5.83,7.88,,,
1966-11-01,5.79,7.73,,,
1966-12-01,5.65,7.57,,,
1967-01-01,5.4,5.69,,,
1967-02-01,5.18,5.56,,,
1967-03-01,5.01,5.04,,,
1967-04-01,4.43,4.48,,,
1967-05-01,4.49,3.69,,,
1967-06-01,4.66,3.98,,,
1967-07-01,5.0,3.51,,,
1967-08-01,4.93,3.56,,,
1967-09-01,4.91,3.43,,,
1967-10-01,5.22,4.2,,,
1967-11-01,5.4,4.0,,,
1967-12-01,5.62,4.07,,,
1968-01-01,5.48,3.32,,,
1968-02-01,5.33,3.45,,,
1968-03-01,5.58,3.52,,,
1968-04-01,5.78,3.64,,,
1968-05-01,6.14,3.68,,,
1968-06-01,6.12,3.72,,,
1968-07-01,6.03,3.59,,,
1968-08-01,5.85,3.55,,,
1968-09-01,5.78,3.54,,,
1968-10-01,5.9,4.75,,,
1968-11-01,6.05,4.5,,,
1968-12-01,6.27,4.44,,,
1969-01-01,6.5,3.87,,,
1969-02-01,6.52,3.91,,,
1969-03-01,6.65,4.21,,,
1969-04-01,6.84,4.4,,,
1969-05-01,7.28,4.38,,,
1969-06-01,8.01,5.5,,,
1969-07-01,8.69,5.78,,,
1969-08-01,8.38,6.5,,,
1969-09-01,8.47,6.94,,,
1969-10-01,8.56,7.42,,,
1969-11-01,8.46,7.69,,,
1969-12-01,8.77,8.83,,,
1970-01-01,8.91,9.29,,,10.35
1970-02-01,8.58,9.51,,,9.86
1970-03-01,8.08,9.81,,,9.55
1970-04-01,7.51,9.86,,,8.95
1970-05-01,8.08,9.93,,,9.02
1970-06-01,8.07,9.88,,,9.59
1970-07-01,8.01,9.59,,,9.1
1970-08-01,7.72,9.16,,,8.64
1970-09-01,7.3,9.36,,,8.28
1970-10-01,6.76,9.53,,,8.28
1970-11-01,6.08,8.84,,,7.96
1970-12-01,5.67,8.12,,,7.52
1971-01-01,5.09,7.5,,,6.67
1971-02-01,4.38,7.47,,,6.29
1971-03-01,3.85,7.46,,,6.17
1971-04-01,4.45,6.36,,,5.99
1971-05-01,4.98,6.16,,,6.53
1971-06-01,5.4,6.8,,,6.95
1971-07-01,5.75,7.66,,,6.29
1971-08-01,5.74,7.56,,,6.41
1971-09-01,5.63,7.59,,,6.41
1971-10-01,5.27,7.8,,,6.18
1971-11-01,4.87,6.79,,,5.87
1971-12-01,4.65,6.63,,,5.68
1972-01-01,3.95,5.19,,,5.39
1972-02-01,3.61,4.88,,,5.41
1972-03-01,4.08,4.8,,,4.97
1972-04-01,4.6,4.78,,,5.11
1972-05-01,4.41,4.71,,,5.42
1972-06-01,4.64,4.65,,,4.89
1972-07-01,4.82,4.65,,,4.85
1972-08-01,4.85,4.8,,,4.73
1972-09-01,5.13,5.32,,,4.78
1972-10-01,5.25,6.88,,,5.82
1972-11-01,5.22,8.07,,,6.81
1972-12-01,5.43,8.6,,,7.9
1973-01-01,5.81,7.89,,,7.72
1973-02-01,6.34,7.96,,,7.89
1973-03-01,7.05,8.77,,,7.8
1973-04-01,7.31,10.62,,,7.68
1973-05-01,7.55,12.42,,,7.84
1973-06-01,8.16,13.62,,,8.0
1973-07-01,9.7,14.3,,,8.94
1973-08-01,10.77,14.57,,,9.41
1973-09-01,10.59,14.25,,,10.37
1973-10-01,9.2,14.49,,,11.36
1973-11-01,9.24,13.62,,,11.18
1973-12-01,9.27,13.2,,,11.36
1974-01-01,9.0,12.09,,,13.43
1974-02-01,8.08,10.67,,,12.49
1974-03-01,8.84,11.2,,,12.33
1974-04-01,10.25,10.07,,,12.27
1974-05-01,11.2,9.1,,,12.78
1974-06-01,11.38,9.46,,,13.74
1974-07-01,12.25,9.48,,,14.13
1974-08-01,12.23,9.65,,,13.97
1974-09-01,11.6,9.69,,,13.92
1974-10-01,9.78,9.78,,,13.38
1974-11-01,9.09,9.04,,,12.26
1974-12-01,9.23,8.6,,,11.53
1975-01-01,7.48,7.74,,,11.03
1975-02-01,6.41,6.43,,,9.79
1975-03-01,6.18,5.71,,,8.94
1975-04-01,6.26,4.89,,,8.24
1975-05-01,5.79,4.99,,,7.58
1975-06-01,5.82,4.88,,,7.26
1975-07-01,6.55,4.66,,,7.33
1975-08-01,6.87,3.88,,,7.12
1975-09-01,7.03,3.93,,,7.05
1975-10-01,6.56,4.07,,,7.01
1975-11-01,6.26,4.12,,,6.98
1975-12-01,6.03,4.21,,,6.75
1976-01-01,5.14,3.93,,,6.41
1976-02-01,5.18,3.72,,,7.43
1976-03-01,5.34,3.74,,,7.84
1976-04-01,5.12,3.62,,,7.68
1976-05-01,5.56,3.77,,,7.8
1976-06-01,5.84,4.14,,,7.99
1976-07-01,5.52,4.47,,,8.48
1976-08-01,5.39,4.56,,,9.61
1976-09-01,5.33,4.56,,,9.59
1976-10-01,5.12,4.85,,,10.34
1976-11-01,5.01,4.69,,,10.54
1976-12-01,4.67,4.93,,,10.57
1977-01-01,4.83,4.78,,,10.02
1977-02-01,4.83,4.71,,,9.84
1977-03-01,4.84,4.73,,,9.96
1977-04-01,4.8,4.62,,,9.39
1977-05-01,5.36,4.44,,,9.14
1977-06-01,5.42,4.28,,,9.04
1977-07-01,5.46,4.29,,,8.72
1977-08-01,5.9,4.12,,,8.49
1977-09-01,6.19,4.15,,,8.38
1977-10-01,6.67,4.13,,,8.45
1977-11-01,6.68,4.15,,,9.31
1977-12-01,6.71,3.98,,,9.85
1978-01-01,6.94,3.58,,,9.26
1978-02-01,6.9,3.46,,,10.47
1978-03-01,6.86,3.51,,,9.91
1978-04-01,7.03,3.56,,,8.44
1978-05-01,7.4,3.6,,,8.24
1978-06-01,7.83,3.68,,,7.93
1978-07-01,8.12,3.75,,,7.63
1978-08-01,8.06,3.7,,,7.45
1978-09-01,8.64,3.7,,,7.4
1978-10-01,9.44,3.95,,,7.37
1978-11-01,10.72,3.85,,,7.11
1978-12-01,10.72,4.06,,,6.67
1979-01-01,10.51,3.89,,,6.57
1979-02-01,10.19,4.15,,,6.88
1979-03-01,10.13,4.47,,,7.1
1979-04-01,10.06,5.54,,,7.0
1979-05-01,10.16,5.92,,,7.61
1979-06-01,9.95,6.46,,,8.68
1979-07-01,10.11,6.84,,,9.94
1979-08-01,10.71,7.09,,,10.84
1979-09-01,11.89,7.89,,,11.69
1979-10-01,13.66,8.76,,,12.13
1979-11-01,13.9,9.65,,,12.77
1979-12-01,13.43,9.58,,,12.59
1980-01-01,13.39,8.86,,,12.37
1980-02-01,14.3,8.97,,,12.63
1980-03-01,17.57,9.64,,,13.99
1980-04-01,16.14,10.22,,,12.94
1980-05-01,9.79,10.26,,,12.65
1980-06-01,8.49,10.11,,,12.35
1980-07-01,8.65,9.7,,,11.93
1980-08-01,9.91,8.98,,,11.27
1980-09-01,11.29,8.97,,,11.83
1980-10-01,12.94,9.08,,,11.73
1980-11-01,15.68,9.45,,,11.26
1980-12-01,18.65,10.2,,,11.56
1981-01-01,17.19,9.47,,,11.43
1981-02-01,16.14,10.67,,,11.9
1981-03-01,14.43,13.6,,,12.57
1981-04-01,15.08,13.19,,,13.0
1981-05-01,18.27,13.2,,,15.9
1981-06-01,16.9,13.09,,,18.92
1981-07-01,17.76,12.96,,,17.29
1981-08-01,17.96,12.9,,,17.44
1981-09-01,16.84,12.5,,,17.59
1981-10-01,15.39,11.78,,,16.46
1981-11-01,12.48,11.08,,,15.35
1981-12-01,12.49,10.82,,,15.26
1982-01-01,13.51,10.46,,,15.07
1982-02-01,15.0,10.27,,,14.52
1982-03-01,14.21,9.87,,,15.25
1982-04-01,14.44,9.33,,,16.36
1982-05-01,13.8,9.18,,,16.19
1982-06-01,14.46,9.28,,,15.7
1982-07-01,13.44,9.46,,,14.63
1982-08-01,10.61,9.0,,,14.48
1982-09-01,10.66,8.18,,,14.06
1982-10-01,9.51,7.58,,,13.45
1982-11-01,8.95,7.31,,,12.97
1982-12-01,8.66,6.62,,,12.71
1983-01-01,8.36,5.82,,,12.58
1983-02-01,8.54,5.83,,,12.9
1983-03-01,8.69,5.45,,,12.65
1983-04-01,8.63,5.2,,,12.13
1983-05-01,8.49,5.33,,,12.56
1983-06-01,9.2,5.57,,,12.63
1983-07-01,9.5,5.57,,,12.37
1983-08-01,9.77,5.71,,,12.37
1983-09-01,9.39,5.88,,,12.43
1983-10-01,9.18,6.18,,,12.45
1983-11-01,9.36,6.3,,,12.35
1983-12-01,9.69,6.48,,,12.19
1984-01-01,9.42,6.12,,,12.25
1984-02-01,9.54,5.95,,,12.45
1984-03-01,10.08,5.86,,,12.54
1984-04-01,10.41,5.84,,,12.48
1984-05-01,11.11,6.1,,,12.2
1984-06-01,11.34,6.13,,,12.23
1984-07-01,11.56,6.13,,,11.78
1984-08-01,11.47,6.02,,,11.41
1984-09-01,11.29,5.82,,,11.05
1984-10-01,10.38,6.07,,,10.8
1984-11-01,9.18,5.96,,,10.55
1984-12-01,8.6,5.83,,,10.69
1985-01-01,8.14,5.87,,,10.46
1985-02-01,8.69,6.16,,,10.63
1985-03-01,9.02,6.39,,,10.73
1985-04-01,8.49,6.02,,,10.48
1985-05-01,7.92,5.84,,,10.18
1985-06-01,7.44,5.68,,,10.2
1985-07-01,7.64,5.34,,,9.98
1985-08-01,7.81,4.79,,,9.81
1985-09-01,7.93,4.71,,,9.62
1985-10-01,7.88,4.84,,,9.32
1985-11-01,7.81,4.88,,,8.96
1985-12-01,7.8,4.86,,,8.95
1986-01-01,7.82,4.72,,12.863,8.96
1986-02-01,7.69,4.54,,12.71875,8.81
1986-03-01,7.24,4.56,,11.77679,8.31
1986-04-01,6.6,4.53,,10.5767,7.61
1986-05-01,6.65,4.62,,10.26705,7.24
1986-06-01,6.73,4.65,,9.82292,7.24
1986-07-01,6.37,4.65,,10.03805,7.13
1986-08-01,5.92,4.61,,9.89435,7.11
1986-09-01,5.71,4.53,,10.18892,7.08
1986-10-01,5.69,4.64,,11.1644,7.41
1986-11-01,5.76,4.73,,11.24609,7.51
1986-12-01,6.04,4.84,,11.40421,8.104
1987-01-01,5.87,4.54,,11.10085,8.5817
1987-02-01,6.1,4.03,,10.89219,8.4777
1987-03-01,6.17,4.04,,10.0142,7.9622
1987-04-01,6.52,3.91,,9.83097,8.0
1987-05-01,6.99,3.81,,8.86792,8.2203
1987-06-01,6.94,3.73,,8.93608,8.3318
1987-07-01,6.7,3.86,,9.24796,7.9541
1987-08-01,6.75,4.0,,10.0997,8.004
1987-09-01,7.37,4.04,,10.19602,7.9766
1987-10-01,8.02,4.74,,10.0277,8.3276
1987-11-01,7.24,3.98,,8.99851,8.787
1987-12-01,7.66,3.71,,7.97283,8.6043
1988-01-01,6.92,3.46,,8.88691,8.3286
1988-02-01,6.6,3.37,,9.28795,7.6767
1988-03-01,6.63,3.44,,8.91304,8.0388
1988-04-01,6.92,3.43,,8.37426,8.1286
1988-05-01,7.24,3.58,,8.06676,7.9335
1988-06-01,7.51,3.93,,8.97514,7.3927
1988-07-01,7.94,4.93,,10.57366,7.4456
1988-08-01,8.35,5.37,,11.44429,7.746
1988-09-01,8.23,5.02,,12.19034,7.9904
1988-10-01,8.36,5.1,,12.0439,8.0152
1988-11-01,8.78,4.95,,12.31818,8.1401
1988-12-01,9.25,5.39,,13.15767,8.4698
1989-01-01,9.2,5.7,,13.16122,8.6835
1989-02-01,9.51,6.43,,13.06406,9.2355
1989-03-01,10.09,6.67,,13.0625,9.158
1989-04-01,9.94,6.48,,13.18359,8.7464
1989-05-01,9.59,7.02,,13.22215,8.9219
1989-06-01,9.2,7.02,,14.18253,8.9995
1989-07-01,8.76,7.09,,13.96317,9.1782
1989-08-01,8.64,7.07,,13.89572,9.0973
1989-09-01,8.78,7.41,,14.07217,9.3491
1989-10-01,8.6,8.13,,15.06818,10.0217
1989-11-01,8.39,8.29,,15.15412,10.5083
1989-12-01,8.32,8.11,,15.15179,10.8863
1990-01-01,8.16,8.3,,15.19837,11.3332
1990-02-01,8.22,8.31,,15.14922,11.046
1990-03-01,8.35,8.48,,15.31676,10.6716
1990-04-01,8.42,8.27,,15.25744,10.0167
1990-05-01,8.35,8.33,,15.19429,9.8143
1990-06-01,8.23,8.3,,15.01302,10.0737
1990-07-01,8.1,8.26,,14.9858,10.0501
1990-08-01,7.97,8.45,,15.01664,10.1915
1990-09-01,8.06,8.47,,14.95117,10.3466
1990-10-01,8.06,8.6,,14.06216,10.0364
1990-11-01,8.03,8.88,,13.68111,10.003
1990-12-01,7.82,9.21,,13.8817,10.2737
1991-01-01,7.17,9.35,,14.01087,10.2747
1991-02-01,6.52,9.08,,13.29532,9.7937
1991-03-01,6.45,9.09,,12.4628,9.4259
1991-04-01,6.06,9.18,,12.01492,9.3466
1991-05-01,5.91,9.08,,11.56522,9.2344
1991-06-01,6.07,9.06,,11.29844,9.7066
1991-07-01,5.98,9.15,,11.12976,9.593
1991-08-01,5.65,9.31,,10.93324,9.5992
1991-09-01,5.47,9.27,,10.33408,9.4302
1991-10-01,5.33,9.38,,10.45823,9.325
1991-11-01,4.94,9.43,,10.52977,9.5406
1991-12-01,4.47,9.58,,10.84837,10.1104
1992-01-01,4.05,9.53,,10.71773,9.9822
1992-02-01,4.07,9.61,,10.42031,10.0471
1992-03-01,4.25,9.7,,10.67045,10.1195
1992-04-01,4.0,9.75,,10.65483,10.0409
1992-05-01,3.82,9.79,,10.109,9.9674
1992-06-01,3.86,9.75,,10.05078,10.1126
1992-07-01,3.37,9.78,,10.20245,10.2229
1992-08-01,3.31,9.88,,10.4122,10.3892
1992-09-01,3.13,9.5,,10.03729,11.0405
1992-10-01,3.26,8.94,,8.39347,11.1165
1992-11-01,3.58,8.94,,7.26711,9.7556
1992-12-01,3.48,9.04,,7.23132,11.341
1993-01-01,3.19,8.59,,6.98363,12.1036
1993-02-01,3.12,8.4,,6.23086,12.0578
1993-03-01,3.11,7.98,,6.03193,11.292
1993-04-01,3.09,7.92,,6.02379,9.0996
1993-05-01,3.1,7.51,,6.04427,7.6392
1993-06-01,3.21,7.6,,5.9517,7.3169
1993-07-01,3.16,7.24,,6.00355,8.0968
1993-08-01,3.14,6.61,,5.91406,7.9281
1993-09-01,3.12,6.63,,5.95987,7.2893
1993-10-01,3.24,6.64,,5.81362,6.9791
1993-11-01,3.35,6.31,,5.6076,6.721
1993-12-01,3.26,6.11,,5.38281,6.5189
1994-01-01,3.15,5.89,,5.44345,6.3185
1994-02-01,3.43,5.91,,5.26328,6.2992
1994-03-01,3.77,5.84,,5.22758,6.247
1994-04-01,4.01,5.59,,5.28981,6.0139
1994-05-01,4.51,5.2,,5.22727,5.642
1994-06-01,4.52,5.07,,5.18786,5.5647
1994-07-01,4.73,4.97,,5.26637,5.6413
1994-08-01,4.81,5.0,,5.57745,5.5989
1994-09-01,5.03,5.07,,5.76811,5.6268
1994-10-01,5.51,5.22,,5.9747,5.6477
1994-11-01,5.79,5.21,,6.12536,5.6119
1994-12-01,6.29,5.4,,6.42685,5.9482
1995-01-01,6.24,5.16,,6.63778,5.9223
1995-02-01,6.16,5.1,,6.80391,5.8157
1995-03-01,6.15,5.07,,6.72554,8.0643
1995-04-01,6.11,4.68,,6.73633,7.7796
1995-05-01,6.02,4.59,,6.77616,7.4723
1995-06-01,5.9,4.53,,6.71484,7.1956
1995-07-01,5.77,4.56,,6.87686,6.4612
1995-08-01,5.77,4.46,,6.87568,5.942
1995-09-01,5.73,4.19,,6.79539,5.9635
1995-10-01,5.79,4.09,,6.81783,6.8688
1995-11-01,5.74,4.01,,6.72088,5.8904
1995-12-01,5.62,3.94,,6.54985,5.5625
1996-01-01,5.39,3.61,,6.44718,4.6996
1996-02-01,5.15,3.35,,6.24554,4.4096
1996-03-01,5.29,3.36,,6.13988,4.2709
1996-04-01,5.36,3.33,,6.08452,3.9982
1996-05-01,5.36,3.29,,6.11651,3.9046
1996-06-01,5.46,3.39,,5.93477,3.9671
1996-07-01,5.53,3.38,,5.82167,3.8392
1996-08-01,5.4,3.29,,5.83647,3.9608
1996-09-01,5.51,3.12,,5.86365,3.7494
1996-10-01,5.41,3.12,,6.01953,3.5144
1996-11-01,5.38,3.19,,6.38579,3.4691
1996-12-01,5.44,3.23,,6.43164,3.4446
1997-01-01,5.43,3.14,,6.41491,3.3532
1997-02-01,5.37,3.19,,6.28848,3.3303
1997-03-01,5.53,3.26,,6.30413,3.3646
1997-04-01,5.71,3.23,,6.45437,3.3996
1997-05-01,5.7,3.17,,6.53214,3.4778
1997-06-01,5.66,3.14,,6.66462,3.4323
1997-07-01,5.6,3.14,,7.04144,3.3907
1997-08-01,5.6,3.26,,7.24349,3.4274
1997-09-01,5.6,3.31,,7.29687,3.4098
1997-10-01,5.65,3.58,,7.35615,3.5904
1997-11-01,5.74,3.74,,7.62617,3.6873
1997-12-01,5.8,3.74,,7.7179,3.6906
1998-01-01,5.54,3.57,,7.5854,3.6184
1998-02-01,5.54,3.51,,7.54395,3.5686
1998-03-01,5.58,3.52,,7.56676,3.5694
1998-04-01,5.58,3.63,,7.53533,3.6273
1998-05-01,5.59,3.63,,7.4881,3.6073
1998-06-01,5.6,3.56,,7.71396,3.5716
1998-07-01,5.59,3.54,,7.80622,3.5634
1998-08-01,5.58,3.5,,7.72824,3.5578
1998-09-01,5.41,3.49,,7.46768,3.5374
1998-10-01,5.21,3.57,,7.22061,3.5555
1998-11-01,5.24,3.63,,6.97448,3.5856
1998-12-01,5.14,3.38,,6.46034,3.323
1999-01-01,4.89,3.1321,,5.92171,3.1321
1999-02-01,4.9,3.0934,,5.53197,3.0934
1999-03-01,4.91,3.0467,,5.42287,3.0467
1999-04-01,4.88,2.6965,,5.31773,2.6965
1999-05-01,4.92,2.579,,5.34875,2.579
1999-06-01,5.13,2.6267,,5.22114,2.6267
1999-07-01,5.24,2.6765,,5.16688,2.6765
1999-08-01,5.41,2.695,,5.25409,2.695
1999-09-01,5.5,2.7267,,5.4107,2.7267
1999-10-01,6.13,3.3757,,6.02564,3.3757
1999-11-01,6.0,3.4677,,5.8725,3.4677
1999-12-01,6.05,3.446,,6.05531,3.446
2000-01-01,5.95,3.3431,,6.13632,3.3431
2000-02-01,6.01,3.5368,,6.23781,3.5368
2000-03-01,6.14,3.747,,6.22838,3.747
2000-04-01,6.28,3.9253,,6.29647,3.9253
2000-05-01,6.71,4.362,,6.30356,4.362
2000-06-01,6.73,4.5017,,6.22682,4.5017
2000-07-01,6.67,4.5829,,6.19247,4.5829
2000-08-01,6.61,4.7771,,6.21754,4.7771
2000-09-01,6.6,4.8528,,6.20569,4.8528
2000-10-01,6.67,5.0413,,6.16274,5.0413
2000-11-01,6.65,5.092,,6.08629,5.092
2000-12-01,6.45,4.9392,,5.95539,4.9392
2001-01-01,5.62,4.7707,,5.84578,4.7707
2001-02-01,5.26,4.7558,,5.75655,4.7558
2001-03-01,4.89,4.7086,,5.55126,4.7086
2001-04-01,4.53,4.682,,5.40449,4.682
2001-05-01,4.02,4.6367,,5.24858,4.6367
2001-06-01,3.74,4.4536,,5.25854,4.4536
2001-07-01,3.66,4.4671,,5.25436,4.4671
2001-08-01,3.48,4.3535,,4.99658,4.3535
2001-09-01,2.87,3.9829,,4.72946,3.9829
2001-10-01,2.31,3.5999,,4.42821,3.5999
2001-11-01,2.03,3.3857,,3.99675,3.3857
2001-12-01,1.83,3.3449,,4.0506,3.3449
2002-01-01,1.74,3.3388,,4.04677,3.3388
2002-02-01,1.82,3.3571,,4.05268,3.3571
2002-03-01,1.91,3.3908,,4.13055,3.3908
2002-04-01,1.87,3.4069,0.1,4.17319,3.4069
2002-05-01,1.82,3.4671,0.08,4.1537,3.4671
2002-06-01,1.81,3.464,0.09,4.17758,3.464
2002-07-01,1.79,3.41,0.09,4.06054,3.41
2002-08-01,1.73,3.3519,0.07,3.98654,3.3519
2002-09-01,1.76,3.3101,0.08,3.98872,3.3101
2002-10-01,1.73,3.2613,0.08,3.96401,3.2613
2002-11-01,1.39,3.1241,0.08,3.97142,3.1241
2002-12-01,1.34,2.941,0.1,4.01777,2.941
2003-01-01,1.29,2.8318,0.1,3.98263,2.8318
2003-02-01,1.27,2.6875,0.09,3.75425,2.6875
2003-03-01,1.23,2.53,0.08,3.65503,2.53
2003-04-01,1.24,2.5333,0.08,3.64598,2.5333
2003-05-01,1.22,2.4005,0.08,3.63252,2.4005
2003-06-01,1.04,2.1519,0.09,3.63966,2.1519
2003-07-01,1.05,2.13,0.09,3.49022,2.13
2003-08-01,1.08,2.1404,0.09,3.52249,2.1404
2003-09-01,1.08,2.1473,0.09,3.6967,2.1473
2003-10-01,1.1,2.1436,0.09,3.80338,2.1436
2003-11-01,1.11,2.159,0.08,3.98043,2.159
2003-12-01,1.1,2.1463,0.1,4.01864,2.1463
2004-01-01,1.06,2.0895,0.09,4.05531,2.0895
2004-02-01,1.05,2.0705,0.09,4.16654,2.0705
2004-03-01,1.05,2.0288,0.08,4.29673,2.0288
2004-04-01,1.08,2.0488,0.08,4.39472,2.0488
2004-05-01,1.2,2.0859,0.08,4.52872,2.0859
2004-06-01,1.46,2.1127,0.09,4.78974,2.1127
2004-07-01,1.57,2.116,0.09,4.85702,2.116
2004-08-01,1.68,2.1143,0.09,4.96284,2.1143
2004-09-01,1.86,2.1186,0.09,4.9469,2.1186
2004-10-01,2.04,2.1473,0.09,4.90071,2.1473
2004-11-01,2.26,2.1703,0.09,4.88359,2.1703
2004-12-01,2.45,2.1732,0.1,4.87103,2.1732
2005-01-01,2.61,2.1454,0.1,4.87316,2.1454
2005-02-01,2.77,2.1383,0.1,4.89069,2.1383
2005-03-01,2.97,2.1372,0.08,4.98736,2.1372
2005-04-01,3.09,2.1372,0.08,4.94336,2.1372
2005-05-01,3.22,2.1256,0.08,4.89375,2.1256
2005-06-01,3.38,2.111,0.09,4.84144,2.111
2005-07-01,3.57,2.1194,0.09,4.65794,2.1194
2005-08-01,3.77,2.1325,0.09,4.59465,2.1325
2005-09-01,3.87,2.1391,0.09,4.59686,2.1391
2005-10-01,4.13,2.1966,0.09,4.58701,2.1966
2005-11-01,4.31,2.3609,0.09,4.61847,2.3609
2005-12-01,4.45,2.4729,0.1,4.63732,2.4729
2006-01-01,4.56,2.5117,0.1036,4.60368,2.5117
2006-02-01,4.72,2.6004,0.11,4.58199,2.6004
2006-03-01,4.88,2.7226,0.1255,4.58741,2.7226
2006-04-01,5.03,2.7938,0.14,4.6296,2.7938
2006-05-01,5.15,2.889,0.27,4.7015,2.889
2006-06-01,5.35,2.9857,0.35,4.73498,2.9857
2006-07-01,5.46,3.1022,0.44,4.73322,3.1022
2006-08-01,5.38,3.2265,0.432,4.94425,3.2265
2006-09-01,5.34,3.3354,0.436,5.02501,3.3354
2006-10-01,5.33,3.502,0.447,5.13176,3.502
2006-11-01,5.32,3.5972,0.502,5.22544,3.5972
2006-12-01,5.32,3.6842,0.54,5.29167,3.6842
2007-01-01,5.32,3.7519,0.54,5.48623,3.7519
2007-02-01,5.31,3.8182,0.66,5.5657,3.8182
2007-03-01,5.3,3.8909,0.66,5.54946,3.8909
2007-04-01,5.31,3.9753,0.65,5.64899,3.9753
2007-05-01,5.31,4.0714,0.67,5.76742,4.0714
2007-06-01,5.33,4.1478,0.73,5.88018,4.1478
2007-07-01,5.32,4.2162,0.77,6.02396,4.2162
2007-08-01,5.49,4.5436,0.84,6.41946,4.5436
2007-09-01,5.46,4.7417,0.85,6.64694,4.7417
2007-10-01,5.08,4.6874,0.85,6.27014,4.6874
2007-11-01,4.97,4.6385,0.87,6.40858,4.6385
2007-12-01,5.02,4.8484,0.86,6.35943,4.8484
2008-01-01,3.84,4.4815,0.85,5.65965,4.4815
2008-02-01,3.06,4.3621,0.85,5.64202,4.3621
2008-03-01,2.79,4.5964,0.84,5.89929,4.5964
2008-04-01,2.85,4.7835,0.84,5.91881,4.7835
2008-05-01,2.66,4.8574,0.84,5.82639,4.8574
2008-06-01,2.76,4.9405,0.86,5.92944,4.9405
2008-07-01,2.79,4.961,0.85,5.8322,4.961
2008-08-01,2.79,4.9652,0.85,5.76619,4.9652
2008-09-01,3.59,5.0192,0.87,5.9106,5.0192
2008-10-01,4.32,5.1131,0.89,6.13304,5.1131
2008-11-01,2.36,4.2383,0.88,4.44684,4.2383
2008-12-01,1.77,3.2926,0.74,3.17247,3.2926
2009-01-01,1.02,2.4565,0.72,2.34276,2.4565
2009-02-01,1.16,1.9431,0.71,2.09038,1.9431
2009-03-01,1.07,1.6355,0.65,1.83139,1.6355
2009-04-01,0.89,1.4223,0.6,1.53413,1.4223
2009-05-01,0.57,1.2817,0.57,1.35795,1.2817
2009-06-01,0.39,1.2279,0.56,1.24117,1.2279
2009-07-01,0.35,0.975,0.55,1.00113,0.975
2009-08-01,0.3,0.8605,0.54,0.77369,0.8605
2009-09-01,0.25,0.7721,0.54,0.6056,0.7721
2009-10-01,0.24,0.7375,0.53,0.57087,0.7375
2009-11-01,0.21,0.7162,0.51,0.60936,0.7162
2009-12-01,0.22,0.712,0.46,0.60541,0.712
2010-01-01,0.2,0.6797,0.45,0.61265,0.6797
2010-02-01,0.19,0.6617,0.44,0.6331,0.6617
2010-03-01,0.23,0.645,0.43,0.64549,0.645
2010-04-01,0.3,0.6447,0.4,0.65592,0.6447
2010-05-01,0.45,0.6865,0.39,0.69713,0.6865
2010-06-01,0.52,0.7276,0.38,0.72839,0.7276
2010-07-01,0.41,0.8488,0.37,0.73603,0.8488
2010-08-01,0.32,0.8955,0.36,0.73296,0.8955
2010-09-01,0.28,0.8805,0.36,0.72859,0.8805
2010-10-01,0.27,0.9977,0.34,0.7384,0.9977
2010-11-01,0.27,1.042,0.34,0.73901,1.042
2010-12-01,0.3,1.0217,0.34,0.74962,1.0217
2011-01-01,0.29,1.0172,0.34,0.76866,1.0172
2011-02-01,0.28,1.0867,0.34,0.79962,1.0867
2011-03-01,0.28,1.1755,0.33615,0.80913,1.1755
2011-04-01,0.23,1.3212,0.33286,0.82096,1.3212
2011-05-01,0.21,1.4251,0.33214,0.82344,1.4251
2011-06-01,0.22,1.4886,0.33214,0.82512,1.4886
2011-07-01,0.24,1.5976,0.33214,0.8289,1.5976
2011-08-01,0.29,1.5521,0.32857,0.85782,1.5521
2011-09-01,0.33,1.5365,0.32929,0.9181,1.5365
2011-10-01,0.37,1.5759,0.32929,0.96991,1.5759
2011-11-01,0.41,1.4847,0.32929,1.01182,1.4847
2011-12-01,0.49,1.4261,0.32929,1.06148,1.4261
2012-01-01,0.4,1.2222,0.33077,1.08709,1.2222
2012-02-01,0.3,1.0483,0.33167,1.07249,1.0483
2012-03-01,0.29,0.8585,0.33167,1.03757,0.8585
2012-04-01,0.29,0.7443,0.33167,1.01792,0.7443
2012-05-01,0.29,0.6849,0.33167,1.005,0.6849
2012-06-01,0.32,0.6589,0.33455,0.94978,0.6589
2012-07-01,0.3,0.497,0.32727,0.81735,0.497
2012-08-01,0.26,0.3324,0.32727,0.70481,0.3324
2012-09-01,0.24,0.2463,0.32727,0.64803,0.2463
2012-10-01,0.23,0.2079,0.32636,0.54397,0.2079
2012-11-01,0.23,0.192,0.31818,0.52452,0.192
2012-12-01,0.24,0.1855,0.30818,0.51848,0.1855
2013-01-01,0.23,0.2049,0.29182,0.51228,0.2049
2013-02-01,0.22,0.2234,0.26909,0.50988,0.2234
2013-03-01,0.21,0.2061,0.25,0.50688,0.2061
2013-04-01,0.2,0.2089,0.22818,0.50557,0.2089
2013-05-01,0.2,0.2012,0.22818,0.50563,0.2012
2013-06-01,0.19,0.2103,0.22818,0.50794,0.2103
2013-07-01,0.14,0.2214,0.228,0.50944,0.2214
2013-08-01,0.12,0.2259,0.228,0.51262,0.2259
2013-09-01,0.11,0.2232,0.228,0.51688,0.2232
2013-10-01,0.12,0.2258,0.221,0.51663,0.2258
2013-11-01,0.12,0.2234,0.22,0.52344,0.2234
2013-12-01,0.14,0.2735,0.22,0.52474,0.2735
2014-01-01,0.12,0.292,0.22,0.52093,0.292
2014-02-01,0.13,0.2881,0.212,0.52153,0.2881
2014-03-01,0.12,0.3053,0.212,0.52157,0.3053
2014-04-01,0.12,0.3297,0.212,0.52665,0.3297
2014-05-01,0.11,0.3246,0.21,0.52744,0.3246
2014-06-01,0.11,0.2414,0.21,0.54394,0.2414
2014-07-01,0.13,0.205,0.21,0.55641,0.205
2014-08-01,0.13,0.1916,0.21,0.56119,0.1916
2014-09-01,0.12,0.0971,0.21,0.56291,0.0971
2014-10-01,0.12,0.0826,0.192,0.55836,0.0826
2014-11-01,0.13,0.0809,0.182,0.55628,0.0809
2014-12-01,0.15,0.0809,0.179,0.55818,0.0809
2015-01-01,0.16,0.0627,0.173,0.5626,0.0627
2015-02-01,0.15,0.0482,0.171,0.56363,0.0482
2015-03-01,0.14,0.0272,0.17,0.56436,0.0272
2015-04-01,0.13,0.0047,0.17,0.5695,0.0047
2015-05-01,0.15,-0.0104,0.169,0.56798,-0.0104
2015-06-01,0.18,-0.0139,0.169,0.57188,-0.0139
2015-07-01,0.19,-0.0187,0.169,0.58084,-0.0187
2015-08-01,0.26,-0.0277,0.169,0.5867,-0.0277
2015-09-01,0.27,-0.037,0.169,0.58576,-0.037
2015-10-01,0.25,-0.0536,0.169,0.58006,-0.0536
2015-11-01,0.3,-0.0876,0.169,0.57371,-0.0876
2015-12-01,0.54,-0.1263,0.169,0.58277,-0.1263
2016-01-01,0.57,-0.1461,0.169,0.58976,-0.1461
2016-02-01,0.54,-0.1836,0.098,0.59073,-0.1836
2016-03-01,0.55,-0.2285,0.098,0.58825,-0.2285
2016-04-01,0.55,-0.2492,0.06,0.5889,-0.2492
2016-05-01,0.57,-0.2572,0.06,0.58929,-0.2572
2016-06-01,0.55,-0.2679,0.059,0.57468,-0.2679
2016-07-01,0.62,-0.2945,0.058,0.5136,-0.2945
2016-08-01,0.73,-0.2982,0.058,0.40613,-0.2982
2016-09-01,0.75,-0.3016,0.056,0.37907,-0.3016
2016-10-01,0.72,-0.309,0.056,0.3975,-0.309
2016-11-01,0.71,-0.3127,0.056,0.39773,-0.3127
2016-12-01,0.87,-0.3158,0.056,0.37226,-0.3158
2017-01-01,0.9,-0.3255,0.056,0.3621,-0.3255
2017-02-01,0.87,-0.3286,0.056,0.35674,-0.3286
2017-03-01,0.98,-0.3293,0.056,0.34567,-0.3293
2017-04-01,1.03,-0.3304,0.056,0.33513,-0.3304
2017-05-01,1.05,-0.3295,0.056,0.31081,-0.3295
2017-06-01,1.16,-0.33,0.056,0.29442,-0.33
2017-07-01,1.22,-0.3304,0.075,0.2931,-0.3304
2017-08-01,1.25,-0.3291,0.056,0.28119,-0.3291
2017-09-01,1.25,-0.3294,0.056,0.30911,-0.3294
2017-10-01,1.26,-0.3295,0.063,0.38187,-0.3295
2017-11-01,1.32,-0.329,0.063,0.51857,-0.329
2017-12-01,1.54,-0.3279,0.063,0.51871,-0.3279
2018-01-01,1.63,-0.3285,0.068,0.5225,-0.3285
2018-02-01,1.78,-0.3285,0.068,0.54683,-0.3285
2018-03-01,2.08,-0.3279,0.097,0.62842,-0.3279
2018-04-01,2.2,-0.3285,0.097,0.75629,-0.3285
2018-05-01,2.16,-0.3252,0.078,0.64355,-0.3252
2018-06-01,2.19,-0.322,0.078,0.63868,-0.322
2018-07-01,2.17,-0.3207,0.091,0.74619,-0.3207
2018-08-01,2.19,-0.319,0.091,0.80519,-0.319
2018-09-01,2.24,-0.3188,0.05,0.80093,-0.3188
2018-10-01,2.37,-0.3177,0.05,0.80618,-0.3177
2018-11-01,2.56,-0.3164,0.05,0.87483,-0.3164
2018-12-01,2.69,-0.3119,0.05,0.90444,-0.3119
2019-01-01,2.59,-0.308,0.03,0.91822,-0.308
2019-02-01,2.49,-0.3084,0.03,0.87598,-0.3084
2019-03-01,2.48,-0.3092,0.05,0.84,-0.3092
2019-04-01,2.47,-0.3105,0.05,0.82,-0.3105
2019-05-01,2.44,-0.3119,0.049,0.8,-0.3119
2019-06-01,2.3,-0.3289,0.049,0.78,-0.3289
2019-07-01,2.22,-0.3649,0.049,0.77,-0.3649
2019-08-01,2.06,-0.4077,0.009,0.76,-0.4077
2019-09-01,2.03,-0.4176,0.009,0.77,-0.4176
2019-10-01,1.88,-0.4129,0.009,0.78,-0.4129
2019-11-01,1.77,-0.4013,0.018,0.79,-0.4013
2019-12-01,1.76,-0.3947,0.021,0.79,-0.3947
2020-01-01,1.65,-0.3911,0.021,0.74,-0.3911
2020-02-01,1.59,-0.4088,0.021,0.75,-0.4088
2020-03-01,1.35,-0.4166,0.006,0.53,-0.4166
2020-04-01,,-0.254,-0.039,0.65,-0.254
2020-05-01,0.17,-0.272,-0.042,0.33,-0.272
2020-06-01,0.2,-0.376,-0.042,0.19,-0.376
2020-07-01,0.18,-0.4441,-0.065,0.1,-0.4441
2020-08-01,0.15,-0.4797,-0.065,0.07,-0.4797
2020-09-01,0.13,-0.4914,-0.055,0.06,-0.4914
2020-10-01,0.12,-0.5091,-0.055,0.05,-0.5091
2020-11-01,0.16,-0.5209,-0.055,0.04,-0.5209
2020-12-01,0.17,-0.5381,-0.055,0.03,-0.5381
2021-01-01,0.14,-0.5472,-0.055,0.03,-0.5472
2021-02-01,0.11,-0.5411,-0.055,0.05,-0.5411
2021-03-01,0.1,-0.5391,-0.065,0.08,-0.5391
2021-04-01,0.11,-0.5382,-0.065,0.09,-0.5382
2021-05-01,0.1,-0.5401,-0.065,0.08,-0.5401
2021-06-01,0.09,-0.5429,-0.072,0.08,-0.5429
2021-07-01,0.1,-0.5448,-0.072,0.08,-0.5448
2021-08-01,0.1,-0.5476,-0.072,0.07,-0.5476
2021-09-01,0.1,-0.545,-0.072,0.07,-0.545
2021-10-01,0.11,-0.5498,-0.072,0.16,-0.5498
2021-11-01,0.14,-0.5674,-0.072,0.13,-0.5674
2021-12-01,0.17,-0.582,-0.049,0.16,-0.582
2022-01-01,0.22,-0.5601,-0.049,0.53,-0.5601
2022-02-01,0.38,-0.5315,-0.049,0.81,-0.5315
2022-03-01,0.73,-0.4954,-0.049,0.99,-0.4954
2022-04-01,0.91,-0.4479,-0.049,1.13,-0.4479
2022-05-01,1.33,-0.3857,-0.049,1.31,-0.3857
2022-06-01,1.87,-0.2392,0.005,1.57,-0.2392
2022-07-01,2.5,0.0366,-0.031,1.84,0.0366
2022-08-01,2.76,0.3947,-0.02,2.23,0.3947
2022-09-01,3.21,1.0109,-0.016,2.91,1.0109
2022-10-01,3.85,1.4277,-0.016,3.39,1.4277
2022-11-01,4.46,1.8252,-0.016,3.52,1.8252
2022-12-01,4.51,2.0635,-0.015,3.78,2.0635
2023-01-01,4.61,2.3449,-0.006,4.01,2.3449
2023-02-01,4.74,2.6403,0.001,4.21,2.6403
2023-03-01,4.91,2.9106,-0.008,4.33,2.9106
2023-04-01,5.03,3.167,-0.001,4.52,3.167
2023-05-01,5.15,3.3664,-0.019,4.73,3.3664
2023-06-01,5.22,3.5359,-0.003,5.09,3.5359
2023-07-01,5.35,3.6718,-0.003,5.49,3.6718
2023-08-01,5.44,3.7803,-0.003,5.53,3.7803
2023-09-01,5.49,3.88,0.024,5.52,3.88
2023-10-01,5.46,3.97,,5.4,3.97
